Model,MSE,MAE,RMSE
ARIMA - Location B,8.171196943530084e-06,0.002743371789655194,0.0028585305566899374
SARIMAX - Location B,3.2051807874316844e-05,0.005440936209890224,0.005661431609965526
SARIMAX - Location A,0.0002912727660291941,0.01536302706356311,0.01706671515052601
ARIMA - Location A,0.0007881739704349972,0.024745121562530628,0.02807443624429522
